,Title,Location,Date,Incident Area,Open/Close Location,Target,Cause,Fatalities,Injured,Total victims,Policeman Killed,Age,Employeed (Y/N),Employed at,Mental Health Issues,Race,Gender,Latitude,Longitude
1,Texas church mass shooting,"Sutherland Springs, TX",11/5/2017,Church,Close,random,unknown,26,20,46,0,26,,,No,White,M,,
2,Walmart shooting in suburban Denver,"Thornton, CO",11/1/2017,Wal-Mart,Open,random,unknown,3,0,3,0,47,,,No,White,M,,
3,Edgewood businees park shooting,"Edgewood, MD",10/18/2017,Remodeling Store,Close,coworkers,unknown,3,3,6,0,37,,Advance Granite Store,No,Black,M,,
4,Las Vegas Strip mass shooting,"Las Vegas, NV",10/1/2017,Las Vegas Strip Concert outside Mandala Bay,Open,random,unknown,59,527,585,1,64,,,Unclear,White,M,36.181271,-115.134132
5,San Francisco UPS shooting,"San Francisco, CA",6/14/2017,UPS facility,Close,coworkers,,3,2,5,0,38,1,,Yes,Asian,M,,
6,Pennsylvania supermarket shooting,"Tunkhannock, PA",6/7/2017,Weis grocery,Close,coworkers,terrorism,3,0,3,,24,1,Weis grocery,Unclear,White,M,,
7,Florida awning manufacturer shooting,"Orlando, Florida",6/5/2017,manufacturer Fiamma Inc.,Close,coworkers,unemployement,5,0,5,,45,1,manufacturer Fiamma Inc.,Unclear,,M,,
8,Rural Ohio nursing home shooting,"Kirkersville, Ohio",5/12/2017,a nursing home,Close,coworkers,,3,0,3,1,43,1,some nursing home,Yes,White,M,,
9,Fresno downtown shooting,"Fresno, California",4/18/2017,a street in downtown,Open,random,racism,3,0,3,,39,,,Unclear,Black,M,,
10,Fort Lauderdale airport shooting,"Fort Lauderdale, Florida",1/6/2017,baggage claim area of the airport,Close,random,terrorism,5,6,11,,26,,,Yes,Latino,M,,
11,Cascade Mall shooting,"Burlington, WA",9/23/2016,cosmetics section of a Macys department store,Close,women,terrorism,5,0,5,,20,,,Yes,,M,,
12,Baton Rouge police shooting,"Baton Rouge, LA",7/17/2016,,Open,police,,3,3,6,3,,,former Marine,Yes,Black,M,,
13,Dallas police shooting,"Dallas, Texas",7/7/2016,at protest,Open,police,racism,5,11,16,5,25,,Army veteran,Unclear,Black,M,,
14,Orlando nightclub massacre,"Orlando, Florida",6/12/2016,at nightclub,Close,random,,49,53,102,0,29,,,Unclear,Other,M,,
15,"Ferguson, MO Drive by","Ferguson, Missouri",4/29/2016,,Open,random,,0,4,4,0,0,,,Unknown,Unknown,Unknown,38.744217,-90.305391
16,"Forestville, Maryland Drive-by",,4/26/2016,in street,Open,,,1,4,5,0,,,,Unknown,Unknown,Unknown,38.845113,-76.874972
17,"Halifax County, VA",,4/24/2016,crown,Open,random,,0,6,6,0,,,,Unknown,Black American or African American,Male,36.765971,-78.928344
18,Tire-Slashing revenge escalation,,4/21/2016,block party,Open,random,frustration,0,4,4,0,,,,Unknown,Black American or African American,Male,39.290385,-76.612189
19,Chicago Rap video Shootout,,4/19/2016,in a park,Open,random,,1,4,5,0,,,,Unknown,Unknown,Unknown,41.878114,-87.629798
20,Texas family murder-suicide,,4/19/2016,Home,Close,Family,domestic dispute,4,0,4,0,,,,Unknown,White American or European American,Male,29.785785,-95.824396
21,Alabama highway random shooting,,4/19/2016,along a highway ,Open,random,,1,4,4,0,,,,Yes,White American or European American,Male,34.16204,-86.475543
22,Long Beach Street murder,,4/18/2016,at street corner,Open,random,terrorism,0,3,4,0,,,,Unknown,Unknown,Unknown,33.77005,-118.193739
23,"Albuquerque, NM House party shooting",,4/9/2016,at party,Close,uninvited guests,anger,0,4,4,0,,,,Unknown,White American or European American,Male,35.085334,-106.605553
24,"Memphis, TN gas station shooting",,4/9/2016,at gas station,Open,random,anger,0,4,4,0,,,,Unknown,Unknown,Unknown,35.149534,-90.04898
25,Chicago Birthday Party Bus Shooting,,4/7/2016,south shore,Open,birthday party bus,,0,5,5,0,,,,Unknown,Unknown,Unknown,41.878114,-87.629798
26,"Albuquerque, NM Family restaurant shooting",,4/1/2016,restaurant,Close,Family,,3,1,3,0,,,,Unknown,Asian American,Male,35.085334,-106.605553
27,"Richmond, Virginia","Richmond, Virginia",3/31/2016,bus station,Open,Trooper,frustration,2,2,3,0,,,,Unknown,Black American or African American,Male,37.540725,-77.436048
28,"Louisburg, North Carolina","Louisburg, North Carolina",3/26/2016,,,,terrorism,3,0,3,,,,,Unknown,Black American or African American,Male,36.099039,-78.301106
29,"Lawrenceburg, Tennessee","Lawrenceburg, Tennessee",3/25/2016,in home,Close,Family,domestic dispute,2,2,3,0,,,,Unknown,Unknown,Male,35.242302,-87.334739
30,"Greenhill, AL Family murder-suicide",,3/25/2016,home in rural Alabama,Close,Family,domestic dispute,2,2,3,0,,,,Yes,White American or European American,Male,34.759257,-86.602493
31,"Sherman, Texas Family Murder-Suicide","Sherman, Texas ",3/21/2016,,,Family,domestic dispute,4,0,3,0,,,,Unknown,Unknown,Male,33.635662,-96.60888
32,"Louisville, KY Family Murder-Suicide","Louisville, Kentucky",3/20/2016,Home,Close,Family,domestic dispute,4,0,3,0,,1,Military,Yes,White American or European American,Male,38.252665,-85.758456
33,"Plantation, Florida","Plantation, Florida",3/19/2016,Home,Close,party guests,,1,4,5,0,,,,Unknown,Unknown,Unknown,26.127586,-80.233104
34,Wetumpka Drive-by,"Wetumpka, Alabama",3/19/2016,"drive-by in Wetumpka, Alabama",Open,random,terrorism,2,2,4,0,,,,Unknown,Black American or African American,Male,32.543745,-86.211913
35,Atlanta Nightclub shooting,,3/15/2016,outside nightclub,Open,random,anger,0,4,4,0,,,,Unknown,Unknown,Unknown,33.748995,-84.387982
36,Florida Family celebration ends in shooting,,3/13/2016,,,Family,,0,4,4,0,,,,Unknown,Unknown,Unknown,26.640628,-81.872308
37,"Elberton, Georgia murder-suicide",,3/12/2016,,Open,Family,domestic dispute,2,2,3,0,,,,Unknown,Unknown,Male,34.111223,-82.867084
38,"Trenton, NJ sidewalk shooting",,3/11/2016,"outside of an apartment complex in Trenton, NJ",Open,random,,0,5,5,0,,,,Unknown,Unknown,Unknown,40.217053,-74.742938
39,Detroit Drive-by,,3/11/2016,,Open,random,,2,2,4,0,,,,Unknown,Unknown,Unknown,42.331427,-83.045754
40,"Pittsburgh, Pennsylvania","Pittsburgh, Pennsylvania",3/9/2016,backyard of a house,Open,random,terrorism,6,3,9,0,,,,Unknown,Unknown,Male,40.440625,-79.995886
41,Wilkinsburg BBQ cookout shootout,,3/9/2016,backyard of a house,Open,random,terrorism,5,3,8,0,,,,Unknown,Unknown,Male,40.441736,-79.881994
42,"Kansas City, Kansas","Kansas City, Kansas",3/7/2016,Home,Close,neighbors,,5,0,5,0,,,,Unknown,Some other race,Male,39.114053,-94.627464
43,"Lafayette, LA drive by",,3/7/2016,drive-by on MLK boulevard in Lafayette,Open,random,,0,4,4,0,,,,Unknown,Unknown,Unknown,30.22409,-92.019843
44,Kansas City Home Invasion,,3/7/2016,Home,Close,neighbors,,4,0,4,0,,,,Unknown,Some other race,Male,39.114053,-94.627464
45,"Chelsea, MA empty apartment party shooting","Chelsea, Massachusetts",3/6/2016,apartment in Chelsea,Close,party guests,terrorism,1,6,7,0,,,,Unknown,Some other race,Male,42.391764,-71.032828
46,"Roswell, GA Hookah shootout",,3/6/2016,,Open,random,anger,0,4,4,0,,,,Unknown,Black American or African American,Male,34.023243,-84.361556
47,Wichita Nightclub shooting,,3/5/2016,outside the club,Open,random,anger,0,4,4,0,,,,Unknown,Unknown,Unknown,37.687176,-97.330053
48,Detroit Strip Club Shootout,,2/28/2016,outside the club,Open,club members,anger,0,5,5,0,,,,Unknown,Black American or African American,Male,42.331427,-83.045754
49,Riverside restaurant shooting,,2/28/2016,restaurant parking,Open,random,,1,3,4,0,,,,Unknown,Some other race,Male,33.997197,-117.48548
50,"Woodbridge, Virginia","Woodbridge,  Virginia",2/27/2016,outside the house,Open,random,,2,2,4,3,,,,Unknown,Black American or African American,Male,38.6697,-77.3524
51,"Belfair, Washington","Belfair, Washington",2/26/2016,Home,Close,Family,domestic dispute,5,0,4,0,,,,Unknown,White American or European American,Male,47.5033,-122.931
52,Excel Industries mass shooting,"Hesston, Kansas",2/25/2016,workplace,Close,random,,3,14,17,0,,1,manufacturing company,Unclear,Black,M,,
53,"Hesston, Kansas","Hesston, Kansas",2/25/2016,,Open,random,psycho,4,14,17,0,,1,factory,Unknown,Black American or African American,Male,38.1368,-97.4268
54,"Belfair, WA Family murder-suicide",,2/25/2016,Home,Close,Family,psycho,5,0,4,0,,,,Unknown,White American or European American,Male,47.451459,-122.826946
55,Arizona Family Murder,"Glendale, Arizona",2/23/2016,Home,Close,Family,psycho,5,0,4,0,,,,Unknown,White American or European American,Male,33.448377,-112.074037
56,Missouri Highway shooting,,2/21/2016,interstate in Hazelwood,Open,random,,1,3,4,0,,,,Unknown,Black American or African American,Male,38.77144,-90.370949
57,Houston Drive-by,,2/21/2016,,Open,random,,0,5,5,0,,,,Unknown,Unknown,Unknown,29.760427,-95.369803
58,Kalamazoo shooting spree,"Kalamazoo County, Michigan",2/20/2016,restaurant parking,Open,random,,6,2,8,0,,1,uber,Unclear,White,M,,
59,,"Iuka, Mississippi",2/20/2016,outside the house,Open,Policeman,domestic dispute,2,3,4,1,,,,Unknown,White American or European American,Male,34.7404,-88.1383
60,Florida Hookah Bar Shooting,,2/20/2016,hookah bar parking,Open,random,anger,1,3,4,0,,,,Unknown,Unknown,Unknown,27.950575,-82.457178
61,Kalamazoo Uber Driver Spree Killing,,2/20/2016,,Open,random,,6,2,8,0,,1,uber,No,White American or European American,Male,42.291707,-85.587229
62,"Vallejo, CA car shooting",,2/19/2016,,Open,random,,2,2,4,0,,,,Unknown,Unknown,Unknown,38.104086,-122.256637
63,Michigan school shooting,,2/9/2016,outside gym,Open,students,psycho,0,3,3,0,,,,Unknown,Black American or African American,Male,43.201126,-86.238946
64,"Orlando, Florida","Orlando, Florida",2/7/2016,nightclub,Close,random,terrorism,2,10,12,0,,,,Unknown,Some other race,Male,28.4541,-81.4646
65,Nightclub fight turns into shootout,,2/7/2016,nightclub,Close,random,anger,1,7,8,0,,,,Unknown,Unknown,Unknown,43.16103,-77.610922
66,"Tampa, FL Strip club shooting",,2/6/2016,strip club,Close,random,,2,6,8,0,,,,Unknown,Unknown,Unknown,27.950575,-82.457178
67,"Los Angeles, CA street shooting",,2/6/2016,,Open,random,,1,3,4,0,,,,Unknown,Unknown,Unknown,34.052234,-118.243685
68,Texas teen commits family murder suicide,,2/6/2016,,Close,Family/Neighbors,psycho,4,0,3,0,,,,Unknown,White American or European American,Male,29.209684,-99.786168
69,New Orleans gas station shoot-out,,1/31/2016,gas station,Open,random,anger,0,3,3,0,,,,Unknown,Black American or African American,Male,29.951066,-90.071532
70,"Glendale, AZ House Party shooting",,1/30/2016,Home,Close,random,anger,3,5,8,0,,,,Unknown,Unknown,Male,33.538652,-112.185987
71,"Caroline County, VA Family Murder Suicide",,1/29/2016,,,Family,psycho,2,2,3,0,42,,,Unknown,Unknown,Male,38.044556,-77.286488
72,"Chesapeake, Virginia","Chesapeake, Virginia",1/27/2016,Home,Close,Family,psycho,6,0,5,0,,,,Yes,White American or European American,Male,36.7921,-76.3293
73,"Perris, CA Mexican restaurant shooting",,1/25/2016,restaurant,Close,random,,1,4,5,0,,,,Unknown,Unknown,Male,33.782519,-117.228648
74,Florida family murder,,1/23/2016,,,Family,,3,0,3,0,,,,Unknown,White American or European American,Male,30.754181,-86.572799
75,Los Angeles Drive-by,,1/23/2016,outside of liquor store,Open,random,terrorism,2,2,4,0,,,,Unknown,Unknown,Unknown,34.052234,-118.243685
76,"Gloucester County, VA, House Party",,1/17/2016,Home,Close,party guests,,1,3,4,0,,,,Unknown,Black American or African American,Male,37.40264,-76.458559
77,"Wilmington, DE robbery",,1/11/2016,Home,Close,random,,1,4,5,0,,,,Unknown,Black American or African American,Male,39.739072,-75.539788
78,"Roadside in Memphis, Tennessee",,1/7/2016,,Open,random,,1,3,4,0,,,,Unknown,Unknown,Unknown,35.149534,-90.04898
79,"Residence in Lakeland, Florida",,1/6/2016,Home,Close,drug dealer,,3,1,4,0,,,,Unknown,Black American or African American,Male,28.039465,-81.949804
80,"Omaha, Nebraska","Omaha, Nebraska",12/6/2015,,,random,,2,3,5,0,,,,Unknown,Black American or African American,Male,41.3138,-96.0814
81,San Bernardino mass shooting,"San Bernardino, California",12/2/2015,Christmas Party,Close,random,terrorism,14,21,35,0,,,,Unclear,Other,M/F,,
82,"San Bernardino, California","San Bernardino, California",12/2/2015,conference room,Close,party guests,terrorism,16,21,35,0,,1,county health department,Unknown,Asian American,Male/Female,34.13973446,-117.2942444
83,Planned Parenthood clinic,"Colorado Springs, Colorado",11/27/2015,health clinic,Close,random,,3,9,12,1,57,,,Unclear,White,M,,
84,"Columbus, Ohio","Columbus, Ohio",11/23/2015,Home,Close,neighbors,,4,1,4,0,,,,Unknown,White American or European American,Male,39.98861445,-82.98904135
85,"Minneapolis, Minnesota","Minneapolis, Minnesota",11/23/2015,Black Lives Matter encampment,Open,protestors,racism,0,5,5,0,,,,Unknown,White American or European American,Male,44.96358722,-93.26783687
86,"Tennessee Colony, Texas","Tennessee Colony, Texas",11/15/2015,private campsite,Open,random,,6,0,6,0,,,,Unknown,White American or European American,Male,31.8076,-95.8069
87,"Jacksonville, Florida","Jacksonville, Florida",11/13/2015,Home,Close,Family,domestic dispute,4,1,4,0,,,former military,Unknown,Black American or African American,Male,30.33216122,-81.67576993
88,"Waycross, GA","Waycross, Georgia",11/7/2015,,,Family,psycho,1,2,3,0,,,,Yes,Black American or African American,Male,31.21094544,-82.35793452
89,"Oakland, Maine","Oakland, Maine",11/4/2015,Home,Close,Family,domestic dispute,4,0,3,0,,,,Unknown,Unknown,Male,44.54994725,-69.70782299
90,Colorado Springs,"Colorado Springs, Colorado",10/31/2015,sidewalk,Open,random,terrorism,4,0,3,0,,,,Unknown,White American or European American,Male,38.86730659,-104.7572279
91,"Colerain Township, Ohio","Colerain Township, Ohio",10/21/2015,Colerain Township,,Family,,2,1,3,0,,,,Unknown,White American or European American,Male,39.253268,-84.599655
92,Northern Arizona University at Flagstaff Campus,"Flagstaff, Arizona",10/9/2015,Northern Arizona University,Open,Students,anger,1,3,4,0,,,,Unknown,White American or European American,Male,35.1725658,-111.6585435
93,Umpqua Community College,"Roseburg, Oregon",10/5/2015,Community College Classroom (changed from 10/1),Close,Students,terrorism,10,7,16,0,,,,Unknown,Two or more races,Male,43.22205555,-123.3522367
94,"Inglis, Florida","Inglis, Florida",10/1/2015,,Open,Ex-Wife,anger,3,1,3,0,57,,,Unknown,White American or European American,Male,29.03270634,-82.65919302
95,Hill Haven Event Center (Formerly Club CJ's),"Greenville, Georgia",9/27/2015,Club,Close,random,,0,10,10,0,,,,Unknown,Black American or African American,Male,33.02912644,-84.7143335
96,"Platte, South Dakota","Platte, South Dakota",9/17/2015,Home,Close,Family,,6,0,5,0,,,,Unknown,White American or European American,Male,43.38682722,-98.84357239
97,"Clearbrook (Greenwood), Minnesota","Clearbrook (Greenwood), Minnesota",9/10/2015,Home,Close,random,,5,0,4,0,,1,,Yes,White American or European American,Male,47.69618799,-95.42844094
98,"Bristol, Tennessee","Bristol, Tennessee",8/29/2015,,,Family,psycho,3,1,4,0,,,,Unknown,White American or European American,Male,36.55605824,-82.21429551
99,Virginia WDBJ live TV interview shooting,"Roanoke, Virginia",8/26/2015,Outdoor Shopping Mall,Open,Coworkers,psycho,3,1,3,0,,1,Virginia TV,Unknown,Black American or African American,Male,37.27823366,-79.95816104
100,Parking lot near Boys and Girls Club,"Rochester, New York",8/19/2015,Genesee Street,Open,random,,3,4,7,0,,,,Unknown,Black American or African American,Male,43.1696837,-77.614337
101,"Houston, Texas","Houston, Texas",8/8/2015,Home,Close,Ex-Girlfriend,revenge,8,0,8,0,,,,Unknown,Black American or African American,Male,29.79705548,-95.36763856
102,"Grand 16 Theatre, Louisiana","Lafayette, Louisiana",7/23/2015,Movie Theatre,Close,random,,3,9,11,0,,,,Yes,White American or European American,Male,30.21233538,-92.0316453
103,Suwanee,"Suwanee, Georgia",7/22/2015,Home,Close,Family,psycho,4,1,4,0,,,,Unknown,White American or European American,Male,34.05057545,-84.06872262
104,"Amnicola Training Center, Chattanooga","Chattanooga, Tennessee",7/16/2015,military facilities,Open,Marines,terrorism,5,3,7,0,,,,Yes,White American or European American,Male,35.09318123,-85.23676751
105,River Forest,"River Forest, Illinois",7/12/2015,river forest,Open,Family,domestic dispute,2,3,4,0,,,,Unknown,Unknown,Male,41.89499946,-87.81941392
106,Boom Boom Room,"Morven, North Carolina",6/20/2015,Club,Close,random,anger,0,4,4,0,,,,Unknown,Black American or African American/Unknown,Male,34.86379864,-79.9996781
107,Charleston Church Shooting,"Charleston, South Carolina",6/17/2015,Church,Close,random,terrorism,9,1,10,0,21,,,unknown,White,Male,32.788387,-79.933143
108,Miami Gardens,"Miami Gardens, Florida",6/16/2015,birthday party,,party guests,,0,4,4,0,,,,Unknown,Black American or African American,Male,25.94326707,-80.24253243
109,Trestle Trail bridge shooting,"Menasha, Wisconsin",6/11/2015,,,random,,3,1,4,0,27,,,Yes,Latino,M,,
110,Deer Lodge,"Deer Lodge, Montana",6/7/2015,,Close,Family,,5,0,4,0,,,,Unknown,White American or European American,Male,46.39761858,-112.7329333
111,Cleveland,"Cleveland, Ohio",5/31/2015,Home,Close,Ex-girlfriend,psycho,3,1,3,0,,,,Unknown,Unknown,Male,41.47657557,-81.68051502
112,Conyers,"Conyers, Georgia",5/31/2015,liquor store,Close,random,psycho,3,2,4,0,,,,Unknown,White American or European American,Male,33.66086267,-84.02688527
113,Club Maxey's,"Decatur, Illinois",5/25/2015,Club,Close,random,revenge,1,4,5,0,,,,Unknown,Black American or African American,Male,39.85566372,-88.93346458
114,Tucson,"Tucson, Arizona",5/12/2015,,,Family,psycho,5,0,4,0,,,,Yes,Unknown,Male,32.15358905,-110.9677647
115,Annual motorcycle event in Newark,"Newark, New Jersey",5/10/2015,opening of motorcycle season,Open,random,terrorism,1,3,4,0,,,,Unknown,Black American or African American,Male,40.73169648,-74.18417699
116,Fox Cities Trestle Trail bridge over Little Lake Butte des Morts,"Menasha, Wisconsin",5/3/2015,bridge,Open,random,,4,1,4,0,,,,Yes,Unknown,Male,44.20455909,-88.4484585
117,Milwaukee,"Milwaukee, Wisconsin",5/1/2015,street,Open,random,domestic dispute,2,3,5,0,,,,No,Unknown,Male,43.06420322,-87.96724385
118,Gates Pub,"Gates, New York",4/25/2015,Gates Pub,Close,random,terrorism,1,6,7,0,,,,Unknown,Black American or African American,Male,43.15693027,-77.69300856
119,Killeen,"Killeen, Texas",4/21/2015,Village West Apartments,Close,random,,2,3,5,0,,,,Unknown,Black American or African American,Male,31.07925506,-97.73392317
120,Phoenix,"Phoenix, Arizona",4/16/2015,,,Family,,5,0,4,0,,,,Unknown,Some other race,Male,33.57145875,-112.0904854
121,Rome,"Rome, Georgia",4/7/2015,street,Open,random,,1,3,4,0,,,,No,Black American or African American,Male,34.26779152,-85.18822422
122,Indianapolis,"Indianapolis, Indiana",4/5/2015,Home,Close,random,,0,5,5,0,,,,No,Unknown,Male,39.77725479,-86.14635359
123,Daytona Beach,"Daytona Beach, Florida",4/3/2015,Home,Close,random,,0,4,4,0,,,,No,Black American or African American,Male,29.19313443,-81.10173014
124,Tulsa,"Tulsa, Oklahoma",3/30/2015,Home,Close,Family,,4,0,3,0,,,,Unknown,Asian American,Male,36.13543238,-95.91316117
125,Panama City Beach,"Panama City Beach, Florida",3/28/2015,Home,Close,party guests,,0,7,7,0,,,,No,Black American or African American,Male,30.22540212,-85.87371301
126,Little Water,"Little Water, New Mexico",3/19/2015,,,Policeman,psycho,2,2,3,1,,,,Unknown,Unknown,Male,36.44329,-108.723281
127,Mesa,"Mesa, Arizona",3/18/2015,,Open,random,,1,5,6,0,,,,No,White American or European American,Male,33.42268696,-111.8163202
128,Cottonwood,"Cottonwood, Alabama",3/15/2015,Home,Close,Family,,3,1,3,0,,,,No,White American or European American,Male,31.0549687,-85.30100084
129,Brookhaven,"Brookhaven, Mississippi",3/13/2015,Home,Close,House Owner,,2,3,5,0,,,,Unknown,Black American or African American,Male,31.58036482,-90.44323475
130,Tarboro,"Tarboro, North Carolina",2/28/2015,Barber Shop,Open+Close,random,terrorism,4,0,3,0,,,,Yes,Black American or African American,Male,35.90434471,-77.55639964
131,Birmingham's Washington Park,"Birmingham, Alabama",2/27/2015,street,Open,Friends,psycho,1,2,3,0,,,,No,Black American or African American,Male,33.5282865,-86.79550448
132,Tyrone,"Tyrone, Missouri",2/26/2015,Home,Close,Family,psycho,8,1,8,0,,,,No,White American or European American,Male,37.204442,-91.876583
133,Charlotte,"Charlotte, North Carolina",2/24/2015,Home,Close,Contestant,,3,0,3,0,,,,No,Some other race,Male,35.226354,-80.836788
134,Clarkesville,"Clarkesville, Georgia",2/22/2015,Home,Close,Ex-Wife,,3,2,4,0,,,,No,White American or European American,Male,34.61025711,-83.52918091
135,Killeen,"Killeen, Texas",2/22/2015,,,random,,4,1,4,0,,1,Fort Hood,No,Black American or African American,Male,31.07925506,-97.73392317
136,Chapel Hill,"Chapel Hill, North Carolina",2/10/2015,Home,Close,neighbors,anger,3,0,3,0,,,,No,White American or European American,Male,35.92681467,-79.03850407
137,Moon Lake,"New Port Richey, Florida",2/9/2015,Home,Close,random,terrorism,3,1,4,0,,,,No,White American or European American/Some other Race,Male/Female,28.24653304,-82.71690259
138,Monroeville Macy's,"Monroeville, Pennsylvania",2/7/2015,Shopping Mall,Close,random,,0,3,3,0,,,,No,Black American or African American,Male,40.4257455,-79.76092565
139,Douglasville,"Douglasville, Georgia",2/7/2015,Home,Close,Family,psycho,5,2,6,0,,,,No,Black American or African American,Male,33.71059292,-84.71564276
140,"King, North Carolina","King, North Carolina",2/4/2015,,,random,psycho,4,0,3,0,,,,Unknown,White American or European American,Male,36.27617912,-80.35501402
141,McAvan's Pub,"Syracuse, New York",2/1/2015,Pub,Close,Ex-Girlfriend & Family,revenge,0,6,6,0,,,,No,Black American or African American,Male,43.04093416,-76.14376763
142,LaGrange,"LaGrange, Georgia",1/28/2015,Home,Close,Family,psycho,5,0,5,0,,,,No,White American or European American,Male,33.03607062,-85.0287065
143,Queens,"New York City, New York",1/24/2015,Home,Close,Family,psycho,4,1,4,0,,,,No,Black American or African American,Male,40.68996411,-73.8720502
144,Omaha,"Omaha, Nebraska",1/24/2015,Party Outside Home,Open,random,terrorism,3,5,8,0,,,,No,Black American or African American,Male,41.265922,-96.05381421
145,Moscow,"Moscow, Idaho",1/10/2015,Home+Restaurant,Close,random,psycho,3,1,4,0,,,,No,Asian American,Male,46.73059479,-116.9990042
146,Memphis,"Memphis, Tennessee",1/1/2015,,Open,party guests,anger,0,5,5,0,,,,No,Black American or African American,Male,35.10528976,-89.97734924
147,"Pennsburg, Souderton, Lansdale, Harleysville","Pennsburg, Souderton, Lansdale, Harleysville, Pennsylvania",12/15/2014,Multiple Homes,Close,Ex-Wife & Family,psycho,7,1,7,0,,,,Yes,White American or European American,Male,40.39359306,-75.49640881
148,Morgantown,"Morgantown, West Virginia",12/1/2014,Multiple Homes,Close,Ex-Girlfriend+random,psycho,5,0,4,0,,,,No,White American or European American,Male,39.63400851,-79.94839325
149,Florida State University,"Tallahassee, Florida",11/19/2014,Florida State University,Open,random,terrorism,1,3,3,0,,,,Yes,Black American or African American,Male,30.4549394,-84.25264151
150,Marysville-Pilchuck High School,"Marysville, Washington",10/24/2014,School Cafeteria,Close,students,anger,5,1,5,0,,,,No,Native American or Alaska Native,Male,48.04802409,-122.1359622
151,Albuquerque Auto Shop,"Albuquerque, New Mexico",8/8/2014,Outside an auto shop,Open,Ex-Girlfriend,anger,2,3,4,0,,,,No,Some other race,Male,35.15290522,-106.7791378
152,Bourbon Street New Orleans,"New Orleans, Louisiana",6/29/2014,street,Open,random,anger,1,9,10,0,,,,No,Two or more races,Male,30.0687242,-89.93147412
153,Nellis Plaza,"Las Vegas, Nevada",6/8/2014,Café+Walmart,Close,Policeman,psycho,5,0,3,2,,,,No,White American or European American,Male/Female,36.18931923,-115.3264875
154,Seattle Pacific University,"Seattle, Washington",6/5/2014,Seattle Pacific University,Close,Students,terrorism,1,2,3,0,,,,Yes,Some other race,Male,47.62199575,-122.323646
155,Isla Vista mass murder,"Santa Barbara, California",5/23/2014,,Open+Close,random,psycho,6,13,19,0,22,,,Yes,White,M,,
156,Kennesaw FedEx,"Kennesaw, Georgia",4/29/2014,Workplace,Close,Coworkers,terrorism,1,6,6,0,19,1,FedEx,No,White American or European American,Male,34.02529674,-84.61766831
157,Fort Hood shooting 2,"Fort Hood, Texas",4/3/2014,Fort Hood Army Post,Open,Policeman,psycho,3,12,15,3,34,1,Fort Hood,Unclear,Latino,M,,
158,Fort Hood,"Killeen, Texas",4/2/2014,Fort Hood Army Post,Open,Policeman,psycho,4,16,19,3,34,1,Fort Hood,Yes,Some other race,Male,31.07925506,-97.73392317
159,San Francisco Tenderloin,"San Francisco, CA",3/23/2014,Outside Club,Open,random,anger,0,8,8,0,,,,No,Black American or African American,Male,37.75457839,-122.4424343
160,Cedarville Rancheria Tribe,"Alturas, California",2/20/2014,,,Family+random,psycho,4,2,6,0,44,,,No,Native American or Alaska Native,Female,41.4911123,-120.549091
161,Centennial Hill Bar & Grill,"Montgomery, Alabama",12/28/2013,,Close,rapper+random,anger,3,5,8,0,,,,No,Black American or African American,Male,32.34729571,-86.26730242
162,Los Angeles International Airport (LAX),"Los Angeles, California",11/1/2013,Los Angeles International Airport,Open,TSA Officer,anger,1,3,4,1,23,0,,No,White American or European American,Male,34.17622092,-118.5399542
163,Sparks Middle School,"Sparks, Nevada",10/21/2013,Sparks Middle School in Nevada,Close,random,psycho,2,2,3,0,12,,,Unknown,Some other race,Male,39.54058388,-119.748291
164,Washington Navy Yard,Washington D.C.,9/16/2013,,Close,random,terrorism,13,3,15,0,34,1,Navy Yard,Yes,Black American or African American,Male,38.90480894,-77.01629717
165,Oklahoma City Residence,"Oklahoma City, Oklahoma",8/14/2013,,,Family,psycho,4,0,4,0,40,,,Yes,White American or European American,Male,35.46779189,-97.5191631
166,Homes in Desoto and Dallas,"Dallas, Texas",8/7/2013,Home,Close,random,psycho,4,4,8,0,44,0,,Unknown,Black American or African American,Male,32.79480596,-96.76631094
167,Ross Township Supervisor Council Meeting,"Salisbury , Pennsylvania",8/5/2013,Ross Township,Close,random,psycho,3,3,6,0,59,0,,No,White American or European American,Male,39.75344279,-79.08435956
168,Hialeah apartment shooting,"Hialeah, Florida",7/26/2013,Apartment Complex,Close,random,terrorism,7,0,7,0,42,,,Unclear,Latino,Male,25.8670105,-80.29146268
169,Santa Monica College,"Santa Monica, California",6/7/2013,,Open+Close,random,psycho,6,3,8,0,23,,,Yes,White American or European American,Male,34.02319149,-118.4815644
170,Village of Manchester in Illinois (Boston Bombing time),"Manchester, Illinois",4/24/2013,Home ,Close,partner's family,anger,7,1,7,0,43,,,Unknown,White American or European American,Male,39.54231335,-90.33029852
171,Pinewood Village Apartments ((Boston Bombing time),"Federal Way, Washington",4/21/2013,Apartment,Close,Girlfriend,anger,5,0,4,0,27,,,Unknown,Black American or African American,Male,47.30909721,-122.3357553
172,Mohawk and Herkimer Villages in New York,"Mohawk, New York",3/13/2013,,Open+Close,random,psycho,5,2,6,0,64,0,,No,White American or European American,Male,43.0104011,-75.0075119
173,"Ladera Ranch, Santa Ana, Tustin and Orange","Ladera Ranch, California",2/19/2013,,Open+Close,random,psycho,4,3,6,0,20,0,,Yes,White American or European American,Male,33.54961059,-117.6415707
174,Los Angeles Police Department,"Irvine, California",2/3/2013,,Open+Close,Coworker's Family,anger,4,2,7,1,33,,,Yes,Black American or African American,Male,33.67803464,-117.773628
175,Phoenix Law Firm,"Phoenix, Arizona",1/30/2013,Entrance of building,Open,random,psycho,3,1,3,0,70,,,Unknown,White American or European American,Male,33.57145875,-112.0904854
176,South Valley Residence,"South Valley, Albuquerque, New Mexico",1/19/2013,Home,Close,Family,psycho,5,0,5,0,15,,,Yes,Some other race,Male,35.15290522,-106.7791378
177,Sandy Hook Elementary School,"Newtown, Connecticut",12/16/2012,adjusted from 12/14,Open+Close,Family+students,terrorism,28,2,29,0,20,,,Yes,White American or European American,Male,41.41190846,-73.31196267
178,Clackamas Town Center,"Happy Valley, Oregon",12/11/2012,Shopping Mall,Close,random,terrorism,3,1,3,0,22,0,,No,Some other race,Male,45.44853107,-122.5440133
179,Azana Spa in Brookfield,"Brookfield, Wisconsin",10/21/2012,Azana Spa in Brookfield,Close,Ex-Wife,psycho,4,4,7,0,45,,,No,Black American or African American,Male,43.06396691,-88.12299758
180,The Spot Nightclub,"Miami, Florida",9/28/2012,Club,Close,random,terrorism,0,15,15,0,,,,Unknown,Black American or African American,Male,25.79653943,-80.20840397
181,Accent Signage Systems in Minneapolis,"Minneapolis, Minnesota",9/27/2012,Accent Signage Systems Building,Close,Ex-Coworkers,unemployement,7,2,8,0,36,0,,Yes,White American or European American,Male,44.96358722,-93.26783687
182,Sikh Temple in Wisconsin,"Oak Creek, Wisconsin",8/5/2012,Sikh Temple,Close,Sikhs,racism,7,4,10,0,40,1,Army veteran,No,White American or European American,Male,42.88027442,-87.90087079
183,Aurora theater shooting,"Aurora, Colorado",7/23/2012,Movie Theatre changed from 7/21,Close,random,terrorism,12,70,82,0,24,,,Yes,white,Male,39.709283,-104.823488
184,University Heights Apartments in Auburn,"Auburn, Alabama",6/9/2012,Apartment Complex,Close,Students,terrorism,3,3,6,0,22,,,Unknown,Black American or African American,Male,32.60598014,-85.48989253
185,Cafe in Seattle,"Seattle, Washington",5/30/2012,,Open+Close,random,psycho,6,1,6,0,40,,,Yes,White American or European American,Male,47.62199575,-122.323646
186,Seattle cafe shooting,"Seattle, Washington",5/20/2012,,Open+Close,random,psycho,6,1,7,0,40,,,Yes,white,Male,47.6038321,-122.3300624
187,"North Tulsa, Oklahoma","Tulsa, Oklahoma",4/6/2012,"Tulsa, Oklahoma",,black men,racism,3,2,5,0,"19,32",,,No,White American or European American,Male,36.13543238,-95.91316117
188,Oikos University killings,"Oakland, California",4/2/2012,Nursing Classroom,Close,random,terrorism,7,3,10,0,43,,,Yes,Asian,Male,37.8043808,-122.2708166
189,Chardon High School,"Chardon, Ohio",2/27/2012,Chardon High Scool,Close,Students,terrorism,3,3,6,0,17,,,Yes,White American or European American,Male,41.58025541,-81.20812625
190,Su Jung Health Sauna shooting,"Norcross, Georgia",2/22/2012,Spa,Close,Family,anger,5,0,5,0,59,,,Yes,Asian,Male,33.9412127,-84.2135309
191,Ensley Birmingham,"Birmingham, Alabama",1/29/2012,Home,Close,random,terrorism,5,0,5,0,,,,No,Black American or African American,Male,33.5282865,-86.79550448
192,Salon Meritage,"Seal Beach, California",10/12/2011,Hair Salon,Open+Close,Ex-Wife,anger,8,1,9,0,41,,,Yes,White American or European American,Male,33.75432632,-118.0715378
193,IHOP shooting,"Carson City, Nevada",9/6/2011,International House of Pancakes Restaurant,Close,random,terrorism,5,7,12,0,32,,,Yes,Latino,Male,39.1637984,-119.7674034
194,Residences in Grand Rapids,"Grand Rapids, Michigan",7/7/2011,,Open+Close,Ex-Wife & Family,psycho,8,2,9,0,34,,,Yes,Black American or African American,Male,42.96920434,-85.66008902
195,Southern Union State Community College,"Opelika, Alabama",4/6/2011,Opelika campus of Southern Union State Community College in Alabama,Open,Ex-Wife & Family,anger,1,3,4,0,34,,,Yes,White American or European American,Male,32.66240106,-85.37706931
196,Youngstown State University,"Youngstown, Ohio",2/6/2011,fraternity house party,Close,random,anger,1,11,12,0,"19,22",,,Unknown,Black American or African American,Male,41.09933958,-80.64631705
197,Tucson shooting,"Tucson, Arizona",1/8/2011,,Open,Congresswoman,terrorism,6,13,19,0,22,,,Yes,white,Male,32.2217429,-110.926479
198,Hartford Beer Distributor shooting,"Manchester, Connecticut",8/3/2010,Workplace,Close,,frustration,9,2,11,0,34,,,No,black,Male,41.7759324,-72.5214755
199,University of Alabama in Huntsville,"Huntsville, Alabama",2/12/2010,University of Alabama,Close,Coworkers,psycho,0,3,6,0,44,1,University of Alabama,No,White American or European American,Female,34.72827538,-86.6723055
200,Coffee shop police killings,"Parkland, Washington",11/29/2009,Coffee Shop,Close,Policeman,revenge,4,1,5,4,37,,,Yes,black,Male,47.155846,-122.437031
201,Parkland Coffee Shop,"Lakewood, Washington",11/29/2009,Coffee Shop,Close,Policeman,revenge,5,0,4,4,37,,,Yes,Black American or African American,Male,47.16267579,-122.5296574
202,Fort Hood Army Base,"Fort Hood, Texas",11/5/2009,Fort Hood Army Post,Close,random,terrorism,13,32,45,0,39,1,U.S Army,Yes,White American or European American,Male,31.13814354,-97.77797804
203,Binghamton shootings,"Binghamton, New York",4/6/2009,American Civic Association Centre (changed from 4/3),Close,random,terrorism,14,4,18,0,41,,,Yes,Asian,Male,42.0986867,-75.9179738
204,Carthage nursing home shooting,"Carthage, North Carolina",3/29/2009,Nursing Home,Close,Ex-Wife,psycho,8,3,11,0,45,,,Yes,white,Male,35.345802,-79.4170543
205,"Rivermark, Santa Clara, California","Santa Clara, California",3/29/2009,Home,Close,Family,psycho,6,1,6,0,42,1,Yahoo,No,Asian American,Male,37.36463172,-121.9679315
206,Pinelake Health and Rehab nursing home,"Carthage, North Carolina",3/29/2009,Nursing Home,Close,Ex-Wife,psycho,8,2,10,0,45,,,Yes,White American or European American,Male,35.33985609,-79.41381725
207,"Geneva County, Alabama","Geneva, Alabama",3/10/2009,,Open+Close,random,psycho,11,6,16,0,28,,,No,White American or European American,Male,31.04367594,-85.8763466
208,"Covina, California","Covina, California",12/24/2008,Home,Close,Family,psycho,10,2,11,0,45,,,No,White American or European American,Male,34.09026669,-117.8819958
209,University of Central Arkansas,"Conway, Arkansas",10/26/2008,Dormitory,Close,Students,terrorism,0,1,3,0,19,,,No,Black American or African American,Male,35.08130744,-92.43278275
210,South Mountain Community College,"Phoenix, Arizona",7/24/2008,South Mountain Community College,Close,random,anger,0,3,3,0,24,,,No,Black American or African American,Male,33.57145875,-112.0904854
211,Atlantis Plastics,"Henderson, Kentucky",6/25/2008,Atlantis Plastics Factory,Close,Coworkers,anger,7,1,7,0,25,1,Atlantis Plastics,No,White American or European American,Male,37.84040411,-87.57853755
212,Northern Illinois University shooting,"DeKalb, Illinois",2/14/2008,Lecture Hall,Close,Students,terrorism,5,21,26,0,27,,,Yes,white,Male,41.9294736,-88.7503647
213,Kirkwood City Hall,"Kirkwood, Missouri",2/7/2008,City Hall Building,Open+Close,Policeman+Council Member,terrorism,6,2,7,0,52,1,,No,Black American or African American,Male,38.57889169,-90.42023754
214,"Carnation, Washington","Carnation, Washington",12/24/2007,Home,Close,Family,domestic disputer,6,0,6,0,29,0,,No,White American or European American,Male/Female,47.64628742,-121.9088524
215,Mojave High School Bus,"Las Vegas, Nevada",12/11/2007,School Bus Stop,Open,random,terrorism,0,6,6,0,18,,,No,Black American or African American,Male,36.18931923,-115.3264875
216,Youth With A Mission and New Life Church,"Arvada, Colorado",12/9/2007,Training Center+Church,Close,random,anger,5,5,9,0,24,,,No,White American or European American,Male,39.81087474,-105.173715
217,Westroads Mall shooting,"Omaha, Nebraska",12/5/2007,Shopping Mall,Close,random,terrorism,9,4,13,0,19,,,Yes,white,Male,41.2587317,-95.9378732
218,South Middle School Football Game,"Saginaw, Michigan",10/25/2007,"South Middle School in Saginaw, Michigan",Open,Students,frustration,0,4,4,0,15,,,No,Black American or African American,Male,43.41929117,-83.95032759
219,SuccessTech Academy,"Cleveland, Ohio",10/11/2007,SuccessTech Academy,Close,Students+Teachers,suspension,1,4,4,0,14,,,Yes,White American or European American,Male,41.47657557,-81.68051502
220,Crandon shooting,"Crandon, Wisconsin",10/7/2007,Home,Close,party guests,anger,6,1,7,0,20,1,Deputy Sheriff,Unclear,white,Male,45.5719072,-88.9028922
221,Virginia Tech massacre,"Blacksburg, Virginia",4/16/2007,School Campus,Close,students,terrorism,32,23,55,0,23,,,Yes,Asian,Male,37.2295733,-80.4139393
222,Springwater Trail High School,"Gresham, Oregon",4/10/2007,Springwater Trail High School,Close,Students,terrorism,0,10,10,0,15,,,No,Some other race,Male,45.50216511,-122.4412759
223,Trolley Square,"Salt Lake City, Utah",2/12/2007,Trolley Square,Open,random,religious radicalism,6,4,9,0,18,,,Unknown,White American or European American,Male,40.77787404,-111.9312168
224,Amish school shooting,"Lancaster County, Pennsylvania",10/2/2006,Bart Township,Close,school girls,terrorism,6,5,11,0,32,,,No,white,Male,39.9589,-76.0806
225,West Nickel Mines Amish School,"Nickel Mines, Lancaster, Pennsylvania",10/2/2006,Bart Township,Close,school girls,terrorism,6,5,10,0,32,,,Unknown,White American or European American,Male,40.04214385,-76.30100872
226,Duquesne University,"Pittsburgh, Pennsylvania",9/17/2006,,,basketball players,frustration,0,5,5,0,18,,,Unknown,Black American or African American,Male,40.43948548,-79.97631581
227,Orange High School,"Hillsborough, North Carolina",8/30/2006,Home+School,Close,random,psycho,1,2,3,0,18,,,Yes,Some other race,Male,36.04099857,-79.09701201
228,Essex Elementary School,"Essex Junction, Vermont",8/24/2006,Home+School,Close,Ex-GirlFriend,psycho,2,2,4,0,26,,,Yes,Black American or African American,Male,44.49022039,-73.11400628
229,Capitol Hill massacre,"Seattle, Washington",3/25/2006,Capitol Hill neighborhood of Seattle,,random,drunk,7,2,9,0,28,,,No,white,Male,47.6229,-122.3165
230,Goleta Post Office,"Goleta, California",1/30/2006,Goleta Post Office,Close,Coworkers,psycho,8,0,7,0,44,1,Goleta Post Office,Yes,White American or European American,Female,34.43606107,-119.8593619
231,Red Lake High School,"Red Lake, Minnesota",3/21/2005,Home+School,Close,random,psycho,10,5,14,0,16,,,Yes,Native American or Alaska Native,Male,47.87067289,-95.00529009
232,Living Church of God,"Brookfield, Wisconsin",3/12/2005,Church,Close,random,frustration,8,4,11,0,44,,,No,White American or European American,Male,43.06396691,-88.12299758
233,Tyler Courthouse,"Tyler, Texas",2/24/2005,Smith County Courthouse,Open,Ex-Wife,frustration,3,4,6,0,43,,,Unknown,Some other race,Male,32.3154272,-95.30501087
234,Damageplan show at the Alrosa Villa Nightclub,"Columbus, Ohio",12/8/2004,,Open+Close,random,frustration,5,7,11,0,25,,,Yes,White American or European American,Male,39.98861445,-82.98904135
235,"Birchwood, Wisconsin","Birchwood, Wisconsin",11/21/2004,forests of Birchwood,Open,hunters,anger,6,2,8,0,36,,,No,Asian American,Male,45.65773714,-91.55077175
236,Windy City Core Supply Warehouse,"Chicago, Illinois",8/27/2003,Warehouse,Close,Coworkers,unemployement,7,0,6,0,36,0,,No,Some other race,Male,41.83928045,-87.68818145
237,Lockheed Martin shooting,"Meridian, Mississippi",7/8/2003,Workplace,Close,random,racism,7,8,15,0,48,,,Yes,white,Male,32.376081,-88.68978002
238,Case Western Reserve University,"Cleveland, Ohio",5/9/2003,School,Close,Students+Teachers,terrorism,1,2,3,0,,,,No,Asian American,Male,41.47657557,-81.68051502
239,University of Arizona College of Nursing,"Tucson, Arizona",10/28/2002,University of Arizona,Close,Teachers,failing exams,4,0,3,0,41,,,No,Some other race,Male,32.15358905,-110.9677647
240,Appalachian School of Law,"Grundy, Virginia",1/16/2002,Appalachian School of Law,Close,Students+Teachers,anger,3,3,6,0,43,,,No,Black American or African American,Male,37.27537712,-82.09877234
241,Santana High School,"Santee, San Diego, California",3/5/2001,Santana High School,Close,Students,terrorism,2,13,15,0,15,,,No,White American or European American,Male,32.86357277,-117.1281628
242,Navistar International,"Melrose Park, Illinois",2/5/2001,Navistar in Melrose Park,Close,Coworkers,unemployement,6,4,9,0,66,0,,No,Black American or African American,Male,41.90289602,-87.8643021
243,Wakefield massacre,"Wakefield, Massachusetts",12/26/2000,Edgewater Technology,Close,Coworkers,,7,0,7,0,42,1,Edgewater Technology,Yes,white,Male,42.506484,-71.0728306
244,Radisson Bay Harbor Inn,"Tampa, Florida",12/30/1999,,Open+Close,Coworkers,,5,3,8,0,36,1,Radisson Bay Harbor Inn,No,Some other race,Male,27.99601861,-82.44503769
245,Fort Gibson Middle School,"Fort Gibson, Oklahoma",12/6/1999,Fort Gibson Middle School,Close,Students,,0,4,4,0,13,,,No,White American or European American,Male,35.77669911,-95.25996596
246,Xerox killings,"Honolulu, Hawaii",11/2/1999,,Close,random,,7,0,7,0,40,1,Xerox Service Technician,Yes,Asian,Male,21.3255125,-157.8473055
247,Wedgwood Baptist Church,"Fort Worth, Texas",9/15/1999,Church,Close,random,terrorism,8,7,14,0,47,,,Yes,White American or European American,Male,32.74802142,-97.31305148
248,Offices of All-Tech Investment Group and Momentum Securities,"Atlanta, Georgia",7/29/1999,Home+Stock Exchange Office,Close,random,psycho,10,12,21,0,44,,,Yes,White American or European American,Male,33.7629969,-84.4231328
249,Heritage High School,"Conyers, Georgia",5/20/1999,Heritage High School,,Students,breakup,0,6,6,0,15,,,No,White American or European American,Male,33.66086267,-84.02688527
250,Columbine High School,"Littleton, Colorado",4/20/1999,Columbine High School,,Students+Teachers,terrorism,15,24,37,0,"17,18",,,Yes,White American or European American,Male,39.59358263,-105.0152112
251,Riverside City Hall,"Riverside, California",10/6/1998,City Hall Building,Close,random,terrorism,0,6,6,0,48,1,U.S. Postal Service,No,Black American or African American,Male,33.93814348,-117.3948409
252,Thurston High School,"Springfield, Oregon",5/21/1998,Home+School,Close,Students+Parents,psycho,4,25,29,0,15,,,Yes,White American or European American,Male,44.05489698,-123.0075562
253,Parker Middle School Dance,"Edinboro, Pennsylvania",4/24/1998,Banquet Hall,Close,random,,1,3,4,0,14,,,Yes,White American or European American,Male,41.87617136,-80.12459632
254,Westside Middle School killings,"Jonesboro, Arkansas",3/24/1998,School,Close,Students+Teachers,,5,10,15,0,"13,11",,,No,white,Male,35.8209895,-90.6682606
255,Connecticut State Lottery Headquarters,"Newington, Connecticut",3/6/1998,Workplace,Close,Coworkers,anger,5,0,4,0,35,1,State Lottery,Yes,White American or European American,Male,41.68700845,-72.73083927
256,Milwaukee Post Office,"Milwaukee, Wisconsin",12/19/1997,Workplace,Close,Coworkers,,2,2,3,0,37,1,Milwaukee,No,Black American or African American,Male,43.06420322,-87.96724385
257,Caltrans Maintenance Yard,"Orange, California",12/18/1997,Workplace,Close,Ex-Coworkers,unemployement,5,2,6,1,41,0,,No,Some other race,Male,33.78935598,-117.820412
258,Heath High School,"West Paducah, Kentucky",12/1/1997,Health High School,,prayer group,psycho,3,5,8,0,14,,,Yes,White American or European American,Male,37.08506,-88.74422
259,Pearl High School,"Pearl, Mississippi",10/1/1997,Home+School,Close,random,psycho,2,7,9,0,16,,,Yes,White American or European American,Male,32.27492783,-90.09470655
260,R.E. Phelon Company,"Aiken, South Carolina",9/15/1997,R.R. Phelon Company,Open+Close,Ex-Coworkers,unemployement,4,3,7,1,43,0,,No,Black American or African American,Male,33.47524551,-81.72595949
261,Bethel Regional High School,"Bethel, Alaska",2/19/1997,Bethel Regional High School,Close,Students+Teachers,frustration,2,2,4,0,16,,,Yes,White American or European American,Male,60.79053882,-161.7927517
262,San Diego State University,"San Diego, California",8/15/1996,San Diego State University,Close,Teachers,,3,0,3,0,36,,,No,White American or European American,Male,32.86357277,-117.1281628
263,Fort Lauderdale revenge shooting,"Fort Lauderdale, Florida",2/9/1996,,,Ex-Coworkers,revenge,6,1,7,0,41,0,,Yes,black,Male,26.1223084,-80.1433786
264,Frontier Junior High School,"Moses Lake, Washington",2/2/1996,Frontier Junior High School,Close,Students+Teachers,frustration,3,1,4,0,14,,,Yes,White American or European American,Male,47.12189424,-119.2750699
265,Richland High School,"Lynnville, Tennessee",11/15/1995,Richland High School,Close,Students+Teachers,,2,1,3,0,17,,,Yes,White American or European American,Male,35.37810374,-87.00610559
266,Walter Rossler Company,"Corpus Christi, Texas",4/3/1995,Workplace,Close,Coworkers,anger,6,0,5,0,,1,Walter Rossler,No,Unknown,Male,27.73907518,-97.43073352
267,Montclair Post Office,"Montclair, New Jersey",3/21/1995,Post Office in Montclair,Close,random,unemployement,4,1,5,0,29,0,,No,White American or European American,Male,40.826184,-74.20862
268,Downtown Chapel Hill,"Chapel Hill, North Carolina",1/26/1995,,Open,random,psycho,2,2,4,0,26,,,Yes,White American or European American,Male,35.92681467,-79.03850407
269,Massachusetts Abortion Clinic,"Brookline, Massachusetts",12/30/1994,health clinic,Close,random,terrorism,2,5,7,0,,,,Yes,White American or European American,Male,42.32427392,-71.14080012
270,Wickliffe Middle School,"Wickliffe, Ohio",11/7/1994,Wickliffe Middle School,Close,random,psycho,1,3,4,0,37,,,Yes,White American or European American,Male,41.60713735,-81.46902046
271,Fairchild Air Force Base Hospital,"Fairchild Air Force Base, Washington",6/20/1994,hospital,Close,psychologist+psychiatrist,anger,5,23,27,0,20,0,,Yes,White American or European American,Male,47.618456,-117.644099
272,"Residence in Union, Kentucky","Union, Kentucky",5/26/1994,Home+School,Close,random,psycho,4,0,4,0,17,,,No,White American or European American,Male,38.95130818,-84.67066339
273,Chelsea High School,"Chelsea, Michigan",12/16/1993,Chelsea High School,Close,Coworkers,anger,1,2,3,0,39,1,Chelsea High School,Yes,White American or European American,Male,42.31319376,-84.01868108
274,Chuck E. Cheese in Aurora,"Aurora, Colorado",12/14/1993,Chuck E. Cheese,Close,Ex-Coworkers,unemployement,4,1,5,0,19,0,,Yes,Black American or African American,Male,39.69892933,-104.7871863
275,Long Island Rail Road Commuter Train,"Garden City, New York",12/7/1993,Train,Close,random,psycho,6,19,25,0,34,,,No,Black American or African American,Male,40.72662266,-73.644712
276,Central Middle School,"Sheridan, Wyoming",9/17/1993,Central Middle School,Close,random,frustration,1,4,4,0,29,0,,No,White American or European American,Male,44.79051074,-106.9599165
277,Luigi's Restaurant in Fayetteville,"Fayetteville, North Carolina",8/6/1993,Luigi's Restaurant,Close,random,anger,4,8,12,0,22,1,Army,No,White American or European American,Male,35.07997086,-79.03796125
278,Weber State University,"Ogden, Utah",7/8/1993,Weber State University,Close,random,frustration,1,3,3,0,28,,,No,Asian American,Male,41.2281367,-111.9675317
279,Offices of Pettit & Martin in San Francisco,"San Francisco, California",7/1/1993,law firm,Close,lawyers,frustration,9,6,14,0,55,,,No,White American or European American,Male,37.75457839,-122.4424343
280,Dearborn Post Office,"Dearborn, Michigan",5/6/1993,Workplace,Close,Coworkers,frustration,2,2,3,0,45,1,,Unknown,Unknown,Male,42.31269522,-83.21293244
281,Dana Point Post Office,"Dana Point, California",5/6/1993,,Open+CLose,random,psycho,1,5,6,0,38,0,,Yes,White American or European American,Male,33.47316083,-117.696399
282,Simon's Rock College of Bard,"Great Barrington, Massachusetts",12/14/1992,Simon's Rock College of Bard,Close,Students+Teachers,,2,4,6,0,18,,,No,Asian American,Male,42.19358268,-73.36216339
283,Schuyler County Office Building,"Watkins Glen, New York",10/15/1992,County Office Building,Close,Social Workers,frustration,5,0,4,0,50,1,,No,White American or European American,Male,42.38013875,-76.86724659
284,Palo Duro High School,"Amarillo, Texas",9/11/1992,"Amarillo, Texas",,Students,anger,0,6,6,0,17,,,Unknown,Unknown,Male,35.18322484,-101.8805688
285,Lindhurst High School,"Olivehurst, California",5/1/1992,Lindhurst High School,Close,Students+Teachers,failing exams,4,10,14,0,20,,,Yes,White American or European American,Male,39.08174985,-121.5549539
286,Royal Oak Post Office,"Royal Oak, Michigan",11/14/1991,Post Office in Royal Oak,Close,Ex-Coworkers,unemployement,5,5,9,0,31,0,,Yes,White American or European American,Male,42.50840203,-83.15387427
287,University of Iowa,"Iowa City, Iowa",11/1/1991,University of lowa,Close,Coworkers,frustration,6,1,6,0,28,1,University of lowa,No,Asian American,Male,41.65589405,-91.53117986
288,"Luby's Cafeteria in Killeen, Texas","Killeen, Texas",10/16/1991,Luby's Cafeteria,Open,random,unemployement,24,20,43,0,35,0,,Yes,White American or European American,Male,31.07925506,-97.73392317
289,Ridgewood Post Office,"Ridgewood, New Jersey",10/10/1991,,Close,Ex-Coworkers,revenge,3,0,3,0,35,,,Yes,Black American or African American,Male,40.98213277,-74.11264731
290,Wat Promkunaram Buddhist Temple,"Phoenix, Arizona",8/9/1991,Buddhist Monastery,Close,monks,robbery,9,0,9,0,,,,No,Asian American/Some other race,Male,33.57145875,-112.0904854
291,GMAC Loan Office,"Jacksonville, Florida",6/17/1990,,,random,psycho,12,6,17,0,42,,,No,Black American or African American,Male,30.33216122,-81.67576993
292,Standard Gravure Corporation,"Louisville, Kentucky",9/14/1989,Standard Gravure printing company,Close,Ex-Coworkers,frustration,9,12,20,0,47,,,Yes,White American or European American,Male,38.249432,-85.726243
293,Orange Glenn Post Office,"Escondido, California",8/10/1989,,Close,random,psycho,4,1,4,0,52,1,Orange Glenn Post Office,No,White American or European American,Male,33.13439925,-117.0722528
294,Cleveland Elementary School,"Stockton, California",1/17/1989,Cleveland Elementary School,Close,Students+Teachers,terrorism,6,30,35,0,24,0,,Yes,White American or European American,Male,37.96631812,-121.3018775
295,New Orleans Downtown Post Office,"New Orleans, Louisiana",12/14/1988,main post office in downtown New Orleans,Close,,,0,4,4,0,39,1,Post Office,Unknown,Unknown,Male,30.0687242,-89.93147412
296,Oakland Elementary School,"Greenwood, South Carolina",9/26/1988,Oakland Elementary School,Close,Students+Teachers,psycho,2,9,11,0,19,0,,Yes,White American or European American,Male,34.1928952,-82.15355508
297,Comet Auto Parts and Montefiore School,"Chicago, Illinois",9/22/1988,,Open+Close,random,terrorism,5,2,6,1,40,,,No,Black American or African American,Male,41.83928045,-87.68818145
298,Hubbard Woods Elementary School,"Winnetka, Illinois",5/20/1988,Home+School,Close,Students,terrorism,2,7,8,0,30,,,Yes,White American or European American,Female,42.10648807,-87.74211141
299,Electromagnetic Systems Laboratory (ESL),"Sunnyvale, California",2/16/1988,ESL in Sunnyvale,Open+Close,Ex-Coworkers,revenge,7,4,11,0,39,0,,Yes,White American or European American,Male,37.38344257,-122.0256185
300,Pinellas Park High School,"Pinellas Park, Florida",2/11/1988,School,Close,,frustration,1,2,3,0,"15,16",,,No,White American or European American,Male,27.84887061,-82.71058
301,Palm Bay Shopping Centers,"Palm Bay, Florida",4/23/1987,,Open,random,psycho,6,14,20,0,59,,,Yes,White American or European American,Male,27.98388983,-80.66662713
302,Fergus County High School,"Lewistown, Montana",12/4/1986,Fergus County High School,Close,Teachers,failing exams,1,3,4,0,14,,,Yes,White American or European American,Male,47.03740653,-109.4844918
303,"Post office in Edmond, Oklahoma","Edmond, Oklahoma",8/20/1986,"Edmond, Oklahoma",Close,Coworkers,,15,6,20,0,44,1,Post Office,Yes,White American or European American,Male,35.66889223,-97.41438792
304,New York Technical College,"Brooklyn, New York",8/12/1986,New York Technical College in Brooklyn,Close,Teachers,revenge,1,4,5,0,29,,,Yes,Black American or African American,Male,40.679276,-73.939513
305,Atlanta Post Office,"Atlanta, Georgia",3/6/1985,Atlanta Post Office,Close,Coworkers,anger,2,1,3,0,30,1,Atlanta Post Office,Yes,Black American or African American,Male,33.7629969,-84.4231328
306,Goddard Junior High School,"Goddard, Kansas",1/21/1985,Goddard Junior High School,Close,Students+Teachers,,1,3,4,0,14,,,Yes,White American or European American,Male,37.67129418,-97.55070476
307,McDonald's restaurant in San Ysidro,"San Ysidro, California",7/18/1984,McDonald's restaurant in San Ysidro,Close,random,psycho,22,19,40,0,41,0,,Yes,White American or European American,Male,32.555556,-117.047656
308,Ianni's Club in Dallas,"Dallas, Texas",6/29/1984,lanni's dance club,Close,random,revenge,6,1,7,0,39,,,Yes,White American or European American,Male,32.79480596,-96.76631094
309,49th Street Elementary School,"Los Angeles, California",2/24/1984,,Open,Children,terrorism,3,12,14,0,28,,,Yes,Black American or African American,Male,34.17622092,-118.5399542
310,Johnston Post Office,"Johnston, South Carolina",8/19/1983,Johnston Post Office,Close,postmaster,anger,1,3,4,0,55,0,,Yes,White American or European American,Male,33.83272887,-81.8051584
311,Wah Mee Club in Seattle,"Seattle, Washington",2/18/1983,Wah Mee Gambling Club,Close,random,terrorism,13,1,14,0,23,,,Unknown,Asian American,Male,47.62199575,-122.323646
312,Welding shop in Miami,"Miami, Florida",8/20/1982,,Close,welding shop employees,psycho,9,3,11,0,51,,,Yes,White American or European American,Male,25.79653943,-80.20840397
313,Valley High School,"Las Vegas, Nevada",3/19/1982,Valley High School,Close,Students+Teachers,,1,2,3,0,17,,,Yes,White American or European American,Male,36.18931923,-115.3264875
314,University of South Carolina,"Columbia, South Carolina",10/6/1979,fraternity house party,Close,Students,,2,5,7,0,19,,,Unknown,Black American or African American,Male,34.05098834,-80.82077527
315,Grover Cleveland Elementary School,"San Diego, California",1/29/1979,,Open,Children,terrorism,2,9,11,0,16,,,Yes,White American or European American,Female,32.86357277,-117.1281628
316,Cal State Fullerton,"Fullerton, California",7/12/1976,California State University,Close,random,terrorism,7,2,9,0,37,1,California State University,Yes,White American or European American,Male,33.88404244,-117.92785
317,Los Angeles Computer Learning Center,"Los Angeles, California",2/19/1976,Los Angeles Computer School,Close,Students,anger,1,7,8,0,18,,,Unknown,White American or European American,Male,34.17622092,-118.5399542
318,Olean High School,"Olean, New York",12/30/1974,,Open+Close,random,terrorism,3,7,10,0,17,,,No,White American or European American,Male,42.08185369,-78.43213922
319,Clara Barton Elementary School,"Chicago, Illinois",1/17/1974,Clara Barton Elementary School,Close,Teachers,anger,1,3,4,0,14,,,Yes,Unknown,Male,41.83928045,-87.68818145
320,New Orleans Police Shootings,"New Orleans, Louisiana",12/31/1972,,,random,psycho,10,13,22,4,23,,,Yes,Black American or African American,Male,30.0687242,-89.93147412
321,St. Aloysius Church,"Spokane, Washington",11/11/1971,Church,Close,random,terrorism,2,4,5,0,,,,Yes,White American or European American,Male,47.67367375,-117.4159843
322,Rose-Mar College of Beauty,"Mesa, Arizona",11/12/1966,Rose-Mar College of Beauty,Close,random,terrorism,5,1,6,0,18,,,Yes,White American or European American,Male,33.42268696,-111.8163202
323,University of Texas at Austin,"Austin, Texas",8/1/1966,University of Texas,Close,random,terrorism,17,32,48,0,25,,,Yes,White American or European American,Male,30.1988873,-97.84415949
